dataset,variant,auc,auc_sd,aupr,aupr_sd
HMDD v3.2,GTRMDA,0.9491,0.0028,0.7467,0.0049
HMDD v3.2,w/o relation semantics,0.8907,0.0041,0.6428,0.0067
HMDD v3.2,w/o in-context demos,0.9104,0.0038,0.6752,0.0062
HMDD v3.2,w/o test-time verifier,0.9268,0.0034,0.7079,0.0057
HMDD v3.2,w/o counterfactual loss,0.9377,0.0031,0.7298,0.0053
HMDD v3.2,single trajectory (B=1),0.9215,0.0036,0.6958,0.0059
HMDD v4.0,GTRMDA,0.9580,0.0025,0.7620,0.0046
HMDD v4.0,w/o relation semantics,0.8996,0.0039,0.6551,0.0064
HMDD v4.0,w/o in-context demos,0.9188,0.0035,0.6894,0.0059
HMDD v4.0,w/o test-time verifier,0.9346,0.0031,0.7205,0.0054
HMDD v4.0,w/o counterfactual loss,0.9451,0.0029,0.7413,0.0050
HMDD v4.0,single trajectory (B=1),0.9302,0.0033,0.7116,0.0056
miR2Disease,GTRMDA,0.9276,0.0041,0.6984,0.0063
miR2Disease,w/o relation semantics,0.8712,0.0058,0.5937,0.0081
miR2Disease,w/o in-context demos,0.8873,0.0053,0.6238,0.0076
miR2Disease,w/o test-time verifier,0.9051,0.0048,0.6612,0.0070
miR2Disease,w/o counterfactual loss,0.9168,0.0044,0.6806,0.0066
miR2Disease,single trajectory (B=1),0.8994,0.0050,0.6489,0.0073
