parameter,value,auc,auc_sd,aupr,aupr_sd,mrr,mrr_sd,hits10,hits10_sd,selected
demonstrations,0,0.9188,0.0035,0.6894,0.0059,0.5230,0.0068,0.7410,0.0062,0
demonstrations,2,0.9331,0.0033,0.7168,0.0056,0.5540,0.0064,0.7680,0.0059,0
demonstrations,4,0.9460,0.0029,0.7422,0.0051,0.5810,0.0060,0.7950,0.0055,0
demonstrations,8,0.9580,0.0025,0.7620,0.0046,0.6030,0.0055,0.8170,0.0050,1
demonstrations,16,0.9572,0.0026,0.7608,0.0047,0.6010,0.0056,0.8150,0.0051,0
budget,1,0.9302,0.0033,0.7116,0.0056,0.5480,0.0065,0.7590,0.0060,0
budget,2,0.9411,0.0031,0.7314,0.0053,0.5710,0.0062,0.7820,0.0057,0
budget,4,0.9503,0.0028,0.7501,0.0049,0.5900,0.0058,0.8030,0.0053,0
budget,8,0.9580,0.0025,0.7620,0.0046,0.6030,0.0055,0.8170,0.0050,1
budget,16,0.9602,0.0024,0.7665,0.0044,0.6080,0.0053,0.8230,0.0048,0
hops,1,0.9214,0.0036,0.7015,0.0061,0.5310,0.0069,0.7490,0.0064,0
hops,2,0.9442,0.0030,0.7386,0.0052,0.5760,0.0061,0.7910,0.0056,0
hops,3,0.9580,0.0025,0.7620,0.0046,0.6030,0.0055,0.8170,0.0050,1
hops,4,0.9551,0.0027,0.7568,0.0048,0.5970,0.0057,0.8110,0.0052,0
hops,5,0.9493,0.0029,0.7476,0.0051,0.5840,0.0060,0.7990,0.0055,0
cf_weight,0.0,0.9451,0.0029,0.7413,0.0050,0.5790,0.0060,0.7940,0.0055,0
cf_weight,0.1,0.9524,0.0027,0.7522,0.0048,0.5910,0.0058,0.8070,0.0053,0
cf_weight,0.2,0.9580,0.0025,0.7620,0.0046,0.6030,0.0055,0.8170,0.0050,1
cf_weight,0.3,0.9562,0.0026,0.7586,0.0047,0.5990,0.0056,0.8130,0.0051,0
cf_weight,0.5,0.9498,0.0029,0.7489,0.0050,0.5860,0.0059,0.8010,0.0054,0
