disease,mirna,raw_rank,verified_rank,verifier_confidence,source_count,representative
Breast Neoplasms,hsa-miR-21-5p,3,1,0.932,4,1
Breast Neoplasms,hsa-miR-155-5p,5,2,0.911,4,0
Breast Neoplasms,hsa-miR-200c-3p,1,3,0.904,2,0
Breast Neoplasms,hsa-miR-34a-5p,2,4,0.879,2,0
Breast Neoplasms,hsa-miR-10b-5p,7,5,0.864,3,0
Breast Neoplasms,hsa-miR-145-5p,4,6,0.852,2,0
Breast Neoplasms,hsa-miR-210-3p,8,7,0.833,3,0
Breast Neoplasms,hsa-miR-221-3p,6,8,0.816,2,0
Breast Neoplasms,hsa-miR-196a-5p,10,9,0.798,2,0
Breast Neoplasms,hsa-miR-31-5p,9,10,0.774,1,0
Alzheimer's Disease,hsa-miR-146a-5p,4,1,0.928,4,1
Alzheimer's Disease,hsa-miR-107,2,2,0.912,4,0
Alzheimer's Disease,hsa-miR-29a-3p,6,3,0.875,3,0
Alzheimer's Disease,hsa-miR-132-3p,1,4,0.891,2,0
Alzheimer's Disease,hsa-miR-9-5p,8,5,0.839,3,0
Alzheimer's Disease,hsa-miR-125b-5p,3,6,0.858,2,0
Alzheimer's Disease,hsa-miR-181c-5p,5,7,0.821,2,0
Alzheimer's Disease,hsa-miR-34a-5p,7,8,0.803,2,0
Alzheimer's Disease,hsa-miR-26b-5p,10,9,0.786,2,0
Alzheimer's Disease,hsa-miR-124-3p,9,10,0.768,1,0
