head,relation,tail,provenance,year
mir:21,miRNA_gene,gene:PTEN,miRTarBase,2015
mir:21,miRNA_gene,gene:PDCD4,miRTarBase,2016
mir:146,miRNA_gene,gene:IRAK1,miRTarBase,2015
mir:146,miRNA_gene,gene:TRAF6,miRTarBase,2017
mir:155,miRNA_gene,gene:TP53,miRTarBase,2016
mir:34,miRNA_gene,gene:AKT1,miRTarBase,2018
gene:PTEN,gene_pathway,path:1,Reactome,2014
gene:PDCD4,gene_pathway,path:2,Reactome,2014
gene:IRAK1,gene_pathway,path:3,Reactome,2014
gene:TRAF6,gene_pathway,path:4,Reactome,2014
gene:TP53,gene_pathway,path:2,Reactome,2014
gene:AKT1,gene_pathway,path:1,Reactome,2014
gene:PTEN,gene_disease,dis:1,CTD,2017
gene:PDCD4,gene_disease,dis:1,DisGeNET,2017
gene:IRAK1,gene_disease,dis:2,CTD,2017
gene:TRAF6,gene_disease,dis:2,DisGeNET,2017
gene:TP53,gene_disease,dis:3,CTD,2018
gene:AKT1,gene_disease,dis:4,DisGeNET,2018
path:1,pathway_disease,dis:1,Reactome,2017
path:2,pathway_disease,dis:1,Reactome,2017
path:3,pathway_disease,dis:2,Reactome,2017
path:4,pathway_disease,dis:2,Reactome,2017
